user_id,first_name,last_name,age,gender
0001,Timothée,Marie,19,M
0002,Alexandrie,Traore,33,F
0003,Guillaume,Moulin,26,M
0004,Frédéric,Joly,61,M
0005,Bernard,Labbé,55,M
0006,Aurore,Maury,20,F
0007,Marcel,David,23,M
0008,Alexandre,Morin,32,M
0009,Franck,Rey,53,M
0010,Philippe,Marion,63,M
0011,Alexandrie,Guilbert,32,F
0012,Élodie,Auger,55,F
0013,Paulette,Vasseur,69,F
0014,Maurice,Pruvost,66,M
0015,Guillaume,Robert,62,M
0016,Constance,Rocher,39,F
0017,Pauline,Leblanc,27,F
0018,Guillaume,Meyer,66,M
0019,Gabrielle,Ledoux,24,F
0020,Jean,Henry,42,M
0021,Benjamin,Gillet,40,M
0022,Brigitte,Pelletier,56,F
0023,Marie,Texier,69,F
0024,Gilles,Bertrand,64,M
0025,Suzanne,Regnier,52,F
0026,Charles,Hoareau,42,M
0027,Augustin,Courtois,53,M
0028,Lucie,Techer,71,F
0029,Maryse,Verdier,54,F
0030,Étienne,Fischer,63,M
0031,Arthur,Lambert,20,M
0032,Vincent,Dumas,67,M
0033,Luce,Chevalier,23,F
0034,Gabriel,Roussel,73,M
0035,Laurent,Lopes,42,M
0036,Susanne,Bousquet,47,F
0037,Mathilde,Goncalves,28,F
0038,Michèle,Monnier,40,F
0039,François,Leconte,60,M
0040,Juliette,Boutin,62,F
0041,Zacharie,Jourdan,56,M
0042,Auguste,Raynaud,52,M
0043,Timothée,Picard,28,M
0044,Jacqueline,Goncalves,42,F
0045,Susan,Gillet,58,F
0046,Grégoire,Riou,61,M
0047,Geneviève,Pottier,71,F
0048,Isaac,Lecoq,32,M
0049,Antoine,Rolland,69,M
0050,Alexandria,Gomes,43,F
0051,Noémi,Royer,22,F
0052,Arthur,Lecomte,54,M
0053,Margaux,Lecomte,31,F
0054,Zoé,Delaunay,43,F
0055,Suzanne,Meunier,27,F
0056,Julie,Joly,26,F
0057,Gérard,Vallet,65,M
0058,Julie,Letellier,65,F
0059,Pénélope,Guillon,75,F
0060,Noémi,Étienne,41,F
0061,Frédéric,Dos Santos,26,M
0062,Dominique,Teixeira,23,F
0063,Benjamin,Faivre,73,M
0064,André,Masson,27,M
0065,Denis,Techer,68,M
0066,Constance,Bazin,56,F
0067,Marcel,Godard,42,M
0068,Anouk,Collin,56,F
0069,Monique,Godard,51,F
0070,Suzanne,Evrard,53,F
0071,Gilbert,Lenoir,61,M
0072,Aimé,Bazin,61,M
0073,Céline,Normand,67,F
0074,Juliette,Lecoq,25,F
0075,Marianne,Marie,45,F
0076,William,Gay,47,M
0077,Édouard,De Sousa,64,M
0078,Adélaïde,Mace,50,F
0079,Gilles,Charrier,50,M
0080,Emmanuel,Guillou,73,M
0081,Catherine,Toussaint,71,F
0082,Henri,Riou,27,M
0083,Claude,Raynaud,66,F
0084,Eugène,Brunet,52,M
0085,Julien,Ledoux,56,M
0086,Corinne,Gimenez,49,F
0087,Rémy,Martin,25,M
0088,Margot,Camus,74,F
0089,Agnès,Marie,33,F
0090,Jules,Le Gall,33,M
0091,Georges,Boyer,23,M
0092,Isabelle,Duhamel,70,F
0093,Augustin,Clément,66,M
0094,Patrick,Muller,26,M
0095,Charlotte,Rodriguez,53,F
0096,Vincent,Ollivier,34,M
0097,Danielle,Aubry,31,F
0098,Rémy,Seguin,63,M
0099,Pauline,Lecomte,43,F
0100,Émilie,Delannoy,46,F
0101,Marcelle,Alexandre,25,F
0102,Xavier,Delahaye,32,M
0103,Julien,Navarro,39,M
0104,Raymond,Sauvage,55,M
0105,Charles,Hoarau,55,M
0106,Frédéric,Andre,18,M
0107,Jean,Lefebvre,63,M
0108,Théodore,Lenoir,32,M
0109,Gabriel,Pruvost,75,M
0110,Frédéric,Robert,73,M
0111,Arnaude,Neveu,22,F
0112,Thomas,Lopez,35,M
0113,Henriette,Mercier,31,F
0114,Alfred,Rémy,64,M
0115,Arnaude,Buisson,33,F
0116,Inès,Lopes,69,F
0117,Véronique,Benoit,30,F
0118,Richard,Payet,24,M
0119,Thérèse,Berger,40,F
0120,Thérèse,Cordier,44,F
0121,Élisabeth,Gauthier,73,F
0122,Benoît,Delmas,61,M
0123,Martin,Monnier,21,M
0124,Pauline,Bouchet,64,F
0125,Suzanne,Chauveau,69,F
0126,André,Maillet,33,M
0127,Victor,Imbert,30,M
0128,Capucine,Bonnet,26,F
0129,Océane,Petitjean,29,F
0130,Maggie,Nicolas,47,F
0131,Gérard,Olivier,73,M
0132,Étienne,Regnier,46,M
0133,Maurice,Joly,21,M
0134,Marcel,Vidal,23,M
0135,Guillaume,Pinto,28,M
0136,Jeanne,Sanchez,49,F
0137,Simone,Dias,31,F
0138,Capucine,Girard,75,F
0139,Victor,Gimenez,28,M
0140,Agathe,Morin,18,F
0141,Inès,Brun,34,F
0142,Odette,Vallée,36,F
0143,Valérie,Benoit,62,F
0144,Noémi,Lopez,27,F
0145,Émile,Gillet,36,M
0146,Adrien,Perrier,21,M
0147,Gilles,De Sousa,65,M
0148,Louise,Briand,21,F
0149,Roger,Peltier,55,M
0150,Véronique,Meyer,50,F
0151,Étienne,Collet,21,M
0152,Franck,Boyer,72,M
0153,Stéphane,Guyon,22,M
0154,Richard,Bonnet,61,M
0155,Hugues,Boyer,43,M
0156,André,Mary,74,M
0157,Olivier,Gaudin,55,M
0158,Rémy,Barbier,57,M
0159,Antoine,Grégoire,44,M
0160,Audrey,Lemoine,34,F
0161,Arthur,Valentin,60,M
0162,Antoinette,Parent,33,F
0163,Inès,Antoine,43,F
0164,Charles,Colas,60,M
0165,Jeanne,Delorme,47,F
0166,Alice,Legendre,66,F
0167,Augustin,Humbert,18,M
0168,Margaux,Bertin,57,F
0169,François,Laroche,22,M
0170,Hugues,Dupuis,50,M
0171,Julie,Delaunay,26,F
0172,Christelle,Leconte,74,F
0173,Tristan,Ribeiro,74,M
0174,Michel,Gomes,41,M
0175,Arnaude,Petit,28,F
0176,Suzanne,Loiseau,71,F
0177,Capucine,Legrand,57,F
0178,René,Benoit,60,M
0179,Claude,Aubry,60,F
0180,Christophe,Lévêque,74,M
0181,Arthur,Moulin,34,M
0182,Julien,Jacquet,74,M
0183,Édouard,Navarro,65,M
0184,Richard,Fischer,35,M
0185,Madeleine,Raymond,56,F
0186,Victor,Evrard,63,M
0187,Adrienne,Martineau,31,F
0188,Lucy,Dupré,50,F
0189,Caroline,Lucas,34,F
0190,Gilles,Ferreira,23,M
0191,Catherine,Bernier,71,F
0192,Colette,Maillard,20,F
0193,Guy,Texier,39,M
0194,François,Wagner,58,M
0195,Marianne,Martins,28,F
0196,Julie,Bodin,53,F
0197,Victoire,Deschamps,53,F
0198,André,Morin,25,M
0199,Timothée,Briand,74,M
0200,Guillaume,Bertrand,52,M
0201,Adrien,Le Roux,71,M
0202,Christelle,Diaz,55,F
0203,Gilles,Renard,45,M
0204,Matthieu,Courtois,20,M
0205,Pénélope,Guilbert,41,F
0206,Aimé,Marie,75,M
0207,Astrid,Blot,31,F
0208,Denis,Morvan,60,M
0209,Alfred,Lemaître,40,M
0210,Claudine,Perret,57,F
0211,Christophe,Dupont,33,M
0212,Honoré,Marchal,69,M
0213,Alphonse,Pelletier,74,M
0214,Françoise,Normand,19,F
0215,Gérard,Martineau,65,M
0216,Caroline,Monnier,68,F
0217,Odette,Legendre,69,F
0218,Denis,Gomez,35,M
0219,Édouard,Schmitt,68,M
0220,Lucas,Laurent,42,M
0221,Emmanuel,Gallet,72,M
0222,Margaret,Bouchet,32,F
0223,Xavier,Guyon,70,M
0224,Jeanne,Da Costa,40,F
0225,Constance,Boutin,70,F
0226,Bernard,Weber,32,M
0227,Alfred,Lelièvre,60,M
0228,Frédéric,Bourgeois,43,M
0229,Suzanne,Marty,35,F
0230,Honoré,Dumas,67,M
0231,Hélène,Laurent,40,F
0232,Élise,Alexandre,61,F
0233,Margot,Lopes,19,F
0234,Arthur,Leleu,74,M
0235,Laurence,Marty,29,F
0236,Dominique,Alexandre,20,F
0237,Yves,Regnier,56,M
0238,Margot,Leroy,40,F
0239,Céline,Bertin,45,F
0240,Emmanuel,Blin,42,M
0241,Gilles,Morel,34,M
0242,Bernard,Godard,63,M
0243,Renée,Barre,18,F
0244,Hugues,Nguyen,41,M
0245,Dominique,Ferreira,22,F
0246,Nathalie,Verdier,57,F
0247,Élisabeth,Adam,60,F
0248,Alphonse,Neveu,64,M
0249,Renée,Martin,50,F
0250,Élodie,Marchal,60,F
0251,Philippine,Muller,38,F
0252,Margot,Ferrand,62,F
0253,Margaux,Dupré,53,F
0254,Charles,Fouquet,30,M
0255,Lucy,Guillou,60,F
0256,Marcelle,Martineau,61,F
0257,Lucas,Millet,57,M
0258,Océane,Grenier,43,F
0259,William,Lenoir,37,M
0260,Charlotte,Olivier,31,F
0261,Paulette,Chartier,68,F
0262,Monique,Labbé,47,F
0263,Diane,Chauvet,46,F
0264,Roland,Hernandez,50,M
0265,Océane,Lévy,68,F
0266,Adrien,Bailly,60,M
0267,Guy,Lacroix,36,M
0268,Philippine,Delorme,23,F
0269,Thibaut,Bègue,61,M
0270,Margot,Turpin,32,F
0271,Matthieu,Pichon,27,M
0272,Yves,Benoit,20,M
0273,Pierre,Reynaud,48,M
0274,Émile,Delmas,47,M
0275,Aurélie,Jacquet,74,F
0276,Pierre,Dupré,63,M
0277,Margaret,Morin,49,F
0278,Inès,Maillet,33,F
0279,Honoré,Jean,59,M
0280,Eugène,Caron,75,M
0281,Alexandre,Lambert,67,M
0282,Jacqueline,Ollivier,32,F
0283,Thibault,Lecoq,69,M
0284,Arnaude,Pineau,21,F
0285,Marc,Lombard,72,M
0286,Sébastien,Leclercq,47,M
0287,Léon,Costa,69,M
0288,Noémi,Berger,60,F
0289,Claudine,Bègue,66,F
0290,Adèle,Hamel,57,F
0291,Catherine,Merle,71,F
0292,Pauline,Vasseur,75,F
0293,Emmanuel,Grenier,65,M
0294,Susan,Girard,46,F
0295,Jeanne,Rivière,66,F
0296,Michel,Lucas,71,M
0297,Susan,Martineau,67,F
0298,Margaud,Faivre,58,F
0299,Matthieu,Raymond,35,M
0300,Claude,Launay,22,F
0301,Sophie,Leroux,33,F
0302,Thérèse,Lebreton,39,F
0303,Josette,Hamel,75,F
0304,Gérard,Diaz,26,M
0305,Guillaume,Gosselin,32,M
0306,Véronique,Toussaint,62,F
0307,Georges,Paris,63,M
0308,Matthieu,Garnier,22,M
0309,Louise,Huet,44,F
0310,Laetitia,Daniel,52,F
0311,Margaud,Gimenez,44,F
0312,Augustin,Dos Santos,31,M
0313,Clémence,Grondin,42,F
0314,Léon,Lemonnier,72,M
0315,Colette,Munoz,48,F
0316,Franck,Andre,40,M
0317,Patricia,Cordier,66,F
0318,Margot,Allard,72,F
0319,Suzanne,Legros,52,F
0320,Antoine,Leclerc,49,M
0321,Marc,Perrier,35,M
0322,Aimée,Salmon,49,F
0323,Sébastien,Gillet,42,M
0324,Valentine,Robert,60,F
0325,Marthe,Léger,64,F
0326,Léon,Humbert,71,M
0327,Geneviève,Coulon,26,F
0328,Frédéric,Maillard,43,M
0329,Martin,Vallée,23,M
0330,Alix,Perrier,26,F
0331,Maggie,Laroche,29,F
0332,Yves,Lebon,34,M
0333,Danielle,Bigot,38,F
0334,Christophe,Loiseau,47,M
0335,Alexandrie,Carlier,39,F
0336,Alexandrie,Perez,35,F
0337,Pénélope,Dufour,34,F
0338,Nicolas,Vidal,48,M
0339,André,Bertin,65,M
0340,Laurent,Millet,40,M
0341,Franck,De Sousa,59,M
0342,Isaac,Marques,67,M
0343,Laurent,Lopes,66,M
0344,Marc,Fleury,33,M
0345,Augustin,Lelièvre,71,M
0346,Alain,Bouvet,57,M
0347,Richard,Roux,33,M
0348,Jérôme,Hubert,48,M
0349,Victor,Muller,54,M
0350,Victor,Fournier,47,M
0351,Alix,Hoarau,67,F
0352,Émilie,Lefebvre,28,F
0353,Thierry,Brunet,67,M
0354,Georges,Marchand,37,M
0355,Noël,Laroche,55,M
0356,Bertrand,Thibault,37,M
0357,Gabrielle,Turpin,43,F
0358,Gilbert,Gosselin,22,M
0359,Julien,Brun,24,M
0360,Céline,Merle,72,F
0361,Édouard,Langlois,68,M
0362,Bernard,Delorme,40,M
0363,Alexandrie,Langlois,60,F
0364,Michelle,Chauvin,22,F
0365,Élodie,Sanchez,18,F
0366,Jacqueline,Henry,70,F
0367,Madeleine,Pottier,24,F
0368,Célina,Moreno,41,F
0369,Alice,Perrot,63,F
0370,René,Gilbert,45,M
0371,Vincent,Lemaître,64,M
0372,Antoinette,Guillou,57,F
0373,Marianne,Richard,47,F
0374,Paulette,Camus,70,F
0375,Catherine,Lesage,38,F
0376,Jules,Bousquet,71,M
0377,Michel,Neveu,35,M
0378,Colette,Gay,33,F
0379,Dorothée,Peron,54,F
0380,Laetitia,Chauvet,39,F
0381,René,Becker,49,M
0382,Valérie,Turpin,29,F
0383,Renée,Foucher,31,F
0384,Juliette,Breton,69,F
0385,Jacqueline,Fernandez,39,F
0386,Laurence,Lebreton,74,F
0387,Jacqueline,Hamel,53,F
0388,Nicolas,Colas,51,M
0389,Thibault,Laroche,23,M
0390,Laurent,Marques,64,M
0391,Alix,Costa,49,F
0392,Isaac,Vidal,62,M
0393,Véronique,Lecomte,59,F
0394,Marthe,Poirier,46,F
0395,Jean,Guyot,23,M
0396,Laure,Berthelot,32,F
0397,Adrienne,Blondel,62,F
0398,Étienne,Clément,37,M
0399,Isabelle,Fouquet,48,F
0400,Odette,Camus,45,F
0401,Isabelle,Blot,40,F
0402,Thérèse,Imbert,35,F
0403,Victoire,Pons,34,F
0404,Alain,Morin,25,M
0405,William,Louis,38,M
0406,Luc,Jacquot,65,M
0407,Gérard,Schneider,30,M
0408,Vincent,Blin,65,M
0409,Michèle,Reynaud,35,F
0410,Marie,Lamy,24,F
0411,Robert,Rémy,36,M
0412,Joseph,Boutin,41,M
0413,Michel,Dupuy,37,M
0414,Honoré,Deschamps,63,M
0415,Gabriel,Mathieu,35,M
0416,Étienne,Gomes,21,M
0417,Célina,Bernier,62,F
0418,René,Ledoux,58,M
0419,Éléonore,Olivier,24,F
0420,Franck,Rousset,54,M
0421,Valérie,Baron,48,F
0422,Lorraine,Roussel,46,F
0423,Élise,Collet,29,F
0424,Gabriel,Alves,34,M
0425,Dorothée,Hernandez,25,F
0426,Aimé,Neveu,43,M
0427,Charlotte,Paris,22,F
0428,Alphonse,Vincent,27,M
0429,Robert,Klein,69,M
0430,Charlotte,Diaz,23,F
0431,Patrick,Henry,25,M
0432,Agathe,Baudry,56,F
0433,Guy,Lelièvre,67,M
0434,Valentine,Besnard,46,F
0435,Marianne,Gonzalez,37,F
0436,Anastasie,Fleury,37,F
0437,Olivier,Noël,57,M
0438,Arthur,Maréchal,66,M
0439,Patrick,Legrand,58,M
0440,Sébastien,Lombard,34,M
0441,Zacharie,Vincent,28,M
0442,Denis,Gérard,29,M
0443,Roland,Bailly,28,M
0444,Augustin,Menard,44,M
0445,Célina,Pascal,62,F
0446,Patricia,Seguin,36,F
0447,Théophile,Maurice,32,M
0448,Hélène,Diallo,63,F
0449,Monique,Lebreton,62,F
0450,Simone,Léger,22,F
0451,Théodore,Gilbert,34,M
0452,Honoré,Colas,45,M
0453,Thierry,Lopez,52,M
0454,Thibault,Rousset,59,M
0455,Benoît,Ledoux,35,M
0456,François,Toussaint,22,M
0457,Franck,Aubry,28,M
0458,Audrey,Barbier,56,F
0459,Isabelle,Giraud,46,F
0460,Robert,Sanchez,47,M
0461,Constance,Bernard,62,F
0462,Odette,Lebreton,35,F
0463,Sylvie,Klein,46,F
0464,Alfred,Grondin,56,M
0465,Guy,Munoz,74,M
0466,Lorraine,Boutin,65,F
0467,Susanne,Guérin,56,F
0468,Hortense,Aubry,19,F
0469,Thomas,Pruvost,32,M
0470,Vincent,Philippe,66,M
0471,Pauline,Noël,54,F
0472,Richard,Jean,66,M
0473,Tristan,Gérard,48,M
0474,Juliette,Blanchard,35,F
0475,Auguste,Lopez,55,M
0476,Danielle,Le Gall,58,F
0477,Louise,Navarro,23,F
0478,Chantal,Bigot,40,F
0479,Madeleine,Bonnin,39,F
0480,Océane,Maillard,60,F
0481,Philippe,Gimenez,72,M
0482,Paul,Navarro,39,M
0483,Audrey,Joseph,62,F
0484,Alice,Lesage,36,F
0485,Margot,Texier,70,F
0486,Gilbert,Michel,47,M
0487,Benjamin,Rolland,38,M
0488,Aimée,Salmon,38,F
0489,Yves,Royer,67,M
0490,Alice,Ledoux,73,F
0491,Emmanuel,Lelièvre,60,M
0492,Simone,Lopes,44,F
0493,Éric,Mary,30,M
0494,Renée,Bousquet,57,F
0495,Victoire,Robin,58,F
0496,Sylvie,Lévêque,66,F
0497,Lucas,Le Roux,31,M
0498,Margot,Leconte,53,F
0499,Bernard,Renard,36,M
0500,Margot,Bouchet,74,F
